Name, Age, Gender, Occupation
John Smith, 32, Male, Engineer
Mary Johnson, 45, Female, Lawyer
David Lee, 28, Male, Accountant
Sarah Jones, 38, Female, Teacher
Kevin Chen, 23, Male, Student
Emily Davis, 29, Female, Doctor
Michael Brown, 50, Male, Business Owner
Jennifer Kim, 35, Female, Software Developer
Alexandra Rodriguez, 27, Female, Sales Representative
Mark Thompson, 41, Male, Consultant
Laura Martinez, 31, Female, Project Manager
Matthew Wilson, 26, Male, Data Analyst
Karen Taylor, 42, Female, Human Resources Manager
Jason Wright, 39, Male, Marketing Manager
Michelle Garcia, 30, Female, Graphic Designer
Andrew Davis, 47, Male, Executive Director
Stephanie Hernandez, 33, Female, Operations Manager
Justin Lewis, 24, Male, Customer Service Representative
Natalie Taylor, 36, Female, Public Relations Manager
Robert Scott, 43, Male, Financial Advisor
Christine Brown, 29, Female, Event Planner
Anthony Nguyen, 31, Male, Web Developer
Amanda Wilson, 37, Female, Social Media Manager
Christopher Perez, 25, Male, Product Manager
Melissa Jackson, 40, Female, Program Manager
Brandon Turner, 28, Male, Technical Writer
Angela Thomas, 34, Female, Recruiter
Brian Phillips, 46, Male, Chief Financial Officer
Lisa Davis, 39, Female, User Experience Designer
Daniel Thompson, 30, Male, Systems Administrator
Nicole Adams, 44, Female, Operations Director
Joshua Lee, 27, Male, Software Engineer
Christina Martinez, 38, Female, Content Manager
Patrick Garcia, 32, Male, Sales Manager
Kristen Rodriguez, 43, Female, Customer Success Manager
Jonathan Wilson, 29, Male, Business Analyst
Catherine Hernandez, 35, Female, Account Manager
Thomas Davis, 49, Male, Chief Information Officer
Jasmine Wright, 31, Female, Digital Marketing Specialist
Stephen Brown, 26, Male, Database Administrator
Lauren Johnson, 42, Female, Brand Manager
David Jackson, 33, Male, Product Marketing Manager
Rachel Smith, 27, Female, Front-end Developer
Timothy Davis, 40, Male, Business Development Manager
Julia Thompson, 36, Female, Art Director
Adam Nguyen, 24, Male, Junior Developer
Samantha Wilson, 39, Female, Project Coordinator
Tyler Hernandez, 29, Male, IT Manager
Erica Kim, 44, Female, Customer Service Manager
Phillip Turner, 37, Male, Account Executive
Megan Thomas, 30, Female, Search Engine Optimization Specialist
Aaron Phillips, 46, Male, Chief Executive Officer
Alexis Davis, 39, Female, Sales Operations Manager
Vincent Thompson, 30, Male, DevOps Engineer
Kaitlyn Adams, 44, Female, Business Operations Manager
Brandon Lee, 27, Male, Mobile Developer
Jessica Martinez, 38, Female, Marketing Coordinator
David Garcia, 32, Male, Project Engineer
Courtney Rodriguez, 43, Female, Technical Program Manager
Andrew Wilson, 29, Male, Software Quality Assurance Engineer
Gabrielle Hernandez, 35, Female, Customer Experience Manager
Richard Davis, 49, Male, Network Administrator
Jessica Wright, 31, Female, Web Designer

