Name, Age, Gender, Occupation, Education, Salary, Marital Status, Number of Children, Home Address, Work Address, Email Address, Phone Number, Nationality, Languages Spoken, Hobbies, Favorite Sports Team, Favorite TV Show, Car Make, Car Model, Car Year, Pet Type, Pet Name
John Smith, 32, Male, Engineer, Bachelor's Degree, $95,000, Married, 2, 123 Main St, Anytown, USA, john.smith@email.com, 555-123-4567, American, English, Spanish, Hiking, Basketball, Toyota, Camry, 2018, Dog, Max
Mary Johnson, 45, Female, Lawyer, Law Degree, $150,000, Divorced, 0, 456 Maple Ave, Anytown, USA, mary.johnson@email.com, 555-234-5678, American, English, French, Reading, Running, BMW, X5, 2019, Cat, Luna
David Lee, 28, Male, Accountant, Bachelor's Degree, $75,000, Single, 0, 789 Oak St, Anytown, USA, david.lee@email.com, 555-345-6789, American, English, Korean, Photography, Tennis, Honda, Civic, 2021, Fish, Nemo
Sarah Jones, 38, Female, Teacher, Master's Degree, $60,000, Married, 1, 321 Elm St, Anytown, USA, sarah.jones@email.com, 555-456-7890, American, English, French, Traveling, Soccer, Ford, Mustang, 2017, Dog, Bailey
Kevin Chen, 23, Male, Student, Bachelor's Degree, $0, Single, 0, 567 Pine St, Anytown, USA, kevin.chen@email.com, 555-567-8901, American, English, Chinese, Video Games, Basketball, Honda, Accord, 2020, Cat, Oliver
Emily Davis, 29, Female, Doctor, Medical Degree, $200,000, Married, 3, 890 Cedar Ave, Anytown, USA, emily.davis@email.com, 555-678-9012, American, English, Spanish, Running, Tennis, Toyota, RAV4, 2021, Dog, Cooper
Michael Brown, 50, Male, Business Owner, Bachelor's Degree, $250,000, Married, 2, 234 Walnut St, Anytown, USA, michael.brown@email.com, 555-789-0123, American, English, French, Golf, Football, Tesla, Model S, 2021, Cat, Tiger
Jennifer Kim, 35, Female, Software Developer, Master's Degree, $120,000, Single, 0, 567 Oak Ave, Anytown, USA, jennifer.kim@email.com, 555-890-1234, American, English, Korean, Reading, Basketball, Toyota, Corolla, 2022, Fish, Bubbles
Alexandra Rodriguez, 27, Female, Sales Representative, Bachelor's Degree, $80,000, Single, 0, 890 Maple St, Anytown, USA, alexandra.rodriguez@email.com, 555-901-2345, American, English, Spanish, Hiking, Volleyball, Ford, Escape, 2022, Dog, Charlie
Mark Thompson, 41, Male, Consultant, Master's Degree, $150,000, Married,

